City_ID,City,Lat,Lng,Max Temp,Humidity,Cloudiness,Wind Speed,Country,Date
0,Pianoro,44.39,11.34,82.4,39,38,4.7,IT,2020-06-21 18:00:11
1,Castro,-24.79,-50.01,72.59,54,0,9.26,BR,2020-06-21 17:57:07
2,Mattru,7.62,-11.83,78.64,92,69,4.0,SL,2020-06-21 18:00:11
3,Busselton,-33.65,115.33,57.0,50,0,16.93,AU,2020-06-21 17:57:03
4,Port Alfred,-33.59,26.89,63.0,77,0,5.99,ZA,2020-06-21 17:57:00
5,Bredasdorp,-34.53,20.04,59.0,93,81,2.17,ZA,2020-06-21 18:00:13
6,Georgetown,5.41,100.34,82.4,94,20,3.36,MY,2020-06-21 17:58:29
7,Westport,41.14,-73.36,88.0,54,1,9.17,US,2020-06-21 18:00:13
8,Rudbar,30.15,62.6,92.62,8,0,6.51,AF,2020-06-21 18:00:14
9,Taltal,-25.4,-70.48,65.82,57,7,4.76,CL,2020-06-21 18:00:14
10,Bluff,-46.6,168.33,38.71,82,49,4.41,NZ,2020-06-21 18:00:15
11,Rikitea,-23.12,-134.97,71.15,73,75,17.18,PF,2020-06-21 17:56:44
12,Takoradi,4.88,-1.76,77.0,87,100,11.14,GH,2020-06-21 18:00:15
13,Punta Arenas,-53.15,-70.92,37.4,93,75,10.29,CL,2020-06-21 18:00:16
14,Taree,-31.9,152.47,44.6,100,40,5.82,AU,2020-06-21 18:00:16
15,Bengkulu,-3.8,102.27,76.89,89,91,5.28,ID,2020-06-21 18:00:16
16,Kyshtovka,56.55,76.63,55.15,80,100,10.11,RU,2020-06-21 18:00:16
17,Wanaka,-44.7,169.15,32.0,85,27,1.99,NZ,2020-06-21 18:00:17
18,Hilo,19.73,-155.09,73.99,56,40,8.05,US,2020-06-21 17:56:42
19,Tabas,33.6,56.92,98.6,7,0,9.17,IR,2020-06-21 17:59:04
20,Kodiak,57.79,-152.41,51.8,81,90,13.87,US,2020-06-21 17:57:34
21,Ushuaia,-54.8,-68.3,37.4,80,40,9.17,AR,2020-06-21 18:00:18
22,Norman Wells,65.28,-126.83,55.4,100,90,6.93,CA,2020-06-21 17:56:58
23,Carnarvon,-24.87,113.63,59.0,87,0,6.93,AU,2020-06-21 18:00:10
24,Palamos,41.85,3.13,84.99,56,20,3.62,ES,2020-06-21 17:59:23
25,Jamestown,42.1,-79.24,80.6,51,75,8.05,US,2020-06-21 17:57:12
26,Longyearbyen,78.22,15.64,41.0,75,75,4.7,SJ,2020-06-21 18:00:06
27,Zhigansk,66.77,123.37,61.79,83,99,8.1,RU,2020-06-21 18:00:21
28,Kahului,20.89,-156.47,75.2,73,40,6.93,US,2020-06-21 17:59:57
29,Mataura,-46.19,168.86,31.82,96,48,1.79,NZ,2020-06-21 17:56:52
30,Kawalu,-7.38,108.21,71.47,92,58,0.89,ID,2020-06-21 18:00:22
31,Udala,43.08,-2.51,70.0,56,20,17.22,ES,2020-06-21 18:00:23
32,Umm Kaddadah,13.6,26.69,96.57,10,0,3.02,SD,2020-06-21 18:00:23
33,Saint-Philippe,-21.36,55.77,68.0,82,75,4.7,RE,2020-06-21 17:57:05
34,Belogorsk,50.92,128.46,53.31,95,100,12.62,RU,2020-06-21 18:00:23
35,Chapais,49.78,-74.85,87.8,35,40,9.17,CA,2020-06-21 18:00:24
36,Victoria,22.29,114.16,86.0,74,95,10.0,HK,2020-06-21 17:57:02
37,Oranjemund,-28.55,16.43,58.26,76,0,6.91,NA,2020-06-21 18:00:25
38,Souillac,-20.52,57.52,71.6,78,40,14.99,MU,2020-06-21 18:00:25
39,Albany,42.6,-73.97,91.0,44,3,4.0,US,2020-06-21 18:00:09
40,Terney,45.05,136.61,51.21,93,100,5.39,RU,2020-06-21 18:00:26
41,Mar Del Plata,-38.0,-57.56,60.01,58,11,12.75,AR,2020-06-21 18:00:26
42,Chokurdakh,70.63,147.92,73.67,40,0,4.74,RU,2020-06-21 18:00:26
43,Yellowknife,62.46,-114.35,75.0,52,20,18.34,CA,2020-06-21 18:00:27
44,Bac Lieu,9.29,105.72,81.66,77,100,4.34,VN,2020-06-21 18:00:27
45,Vestmanna,62.16,-7.17,51.8,100,100,18.34,FO,2020-06-21 18:00:27
46,Dikson,73.51,80.55,41.25,78,76,9.24,RU,2020-06-21 18:00:28
47,Hermanus,-34.42,19.23,57.0,90,65,5.26,ZA,2020-06-21 18:00:28
48,Asgabat,37.95,58.38,91.4,29,17,11.41,TM,2020-06-21 18:00:29
49,Xiaoshi,41.3,124.12,73.4,69,97,4.47,CN,2020-06-21 18:00:29
50,Port Elizabeth,-33.92,25.57,60.8,77,0,12.75,ZA,2020-06-21 18:00:30
51,Moose Factory,51.26,-80.61,59.0,100,90,3.36,CA,2020-06-21 18:00:30
52,Vaini,-21.2,-175.2,75.2,100,75,5.82,TO,2020-06-21 17:56:55
53,Bambous Virieux,-20.34,57.76,73.0,78,40,14.99,MU,2020-06-21 17:58:07
54,Dreux,48.67,1.25,66.2,72,40,11.41,FR,2020-06-21 18:00:31
55,Saldanha,-33.01,17.94,57.2,93,5,5.82,ZA,2020-06-21 18:00:31
56,Cape Town,-33.93,18.42,61.0,93,75,4.7,ZA,2020-06-21 17:59:12
57,Puerto Ayora,-0.74,-90.35,77.0,73,40,14.99,EC,2020-06-21 18:00:32
58,Coahuayana,18.73,-103.68,80.6,69,75,11.41,MX,2020-06-21 18:00:35
59,Atuona,-9.8,-139.03,80.24,62,10,9.91,PF,2020-06-21 18:00:35
60,Thompson,55.74,-97.86,51.8,100,90,9.17,CA,2020-06-21 18:00:35
61,Bahia Blanca,-38.72,-62.27,57.11,37,0,9.82,AR,2020-06-21 18:00:36
62,Homer,59.64,-151.55,55.4,71,20,4.7,US,2020-06-21 18:00:36
63,Necochea,-38.55,-58.74,55.99,80,26,8.99,AR,2020-06-21 18:00:37
64,Port Blair,11.67,92.75,83.25,81,100,11.56,IN,2020-06-21 18:00:37
65,General Delgado,-27.17,-56.52,86.0,48,0,10.29,PY,2020-06-21 18:00:37
66,Saint George,37.1,-113.58,93.0,12,1,5.86,US,2020-06-21 18:00:37
67,Cidreira,-30.18,-50.21,78.08,55,0,11.3,BR,2020-06-21 18:00:38
68,Lompoc,34.64,-120.46,61.0,87,14,3.36,US,2020-06-21 17:57:28
69,Hobart,-42.88,147.33,55.4,87,90,10.29,AU,2020-06-21 18:00:08
70,Strezhevoy,60.73,77.59,51.8,93,75,8.95,RU,2020-06-21 18:00:39
71,Saint-Francois,46.42,3.91,70.0,60,90,10.29,FR,2020-06-21 18:00:39
72,Kruisfontein,-34.0,24.73,54.91,87,0,6.78,ZA,2020-06-21 17:56:57
73,Barcelos,41.54,-8.62,75.0,82,20,12.75,PT,2020-06-21 18:00:41
74,Arona,28.1,-16.68,78.8,54,5,20.8,ES,2020-06-21 18:00:41
75,Saskylakh,71.92,114.08,53.89,62,76,9.51,RU,2020-06-21 18:00:41
76,Avarua,-21.21,-159.78,73.4,64,100,8.05,CK,2020-06-21 18:00:42
77,Elko,41.0,-115.5,80.6,21,1,11.41,US,2020-06-21 18:00:22
78,Pangody,65.85,74.49,46.96,85,49,10.74,RU,2020-06-21 18:00:42
79,Marsa Matruh,31.35,27.25,75.2,73,0,13.87,EG,2020-06-21 18:00:41
80,Cherskiy,68.75,161.3,75.13,34,7,4.16,RU,2020-06-21 18:00:43
81,Lorengau,-2.02,147.27,80.19,77,3,2.62,PG,2020-06-21 17:57:24
82,Barrow,71.29,-156.79,41.0,86,90,17.22,US,2020-06-21 18:00:44
83,Praia,14.92,-23.51,86.0,58,20,18.34,CV,2020-06-21 18:00:41
84,Foumban,5.73,10.9,64.72,98,94,2.19,CM,2020-06-21 18:00:45
85,Udachnyy,66.42,112.4,66.2,48,40,8.95,RU,2020-06-21 18:00:45
86,Severo-Kurilsk,50.68,156.12,43.45,82,96,7.05,RU,2020-06-21 17:58:08
87,Governador Valadares,-18.85,-41.95,78.37,52,78,2.13,BR,2020-06-21 18:00:25
88,Laguna,38.42,-121.42,82.0,50,5,3.36,US,2020-06-21 18:00:46
89,Mackay,-21.15,149.2,62.6,93,40,4.7,AU,2020-06-21 17:58:04
90,Fortuna,40.6,-124.16,62.01,100,75,9.17,US,2020-06-21 18:00:47
91,Arraial Do Cabo,-22.97,-42.03,84.2,65,0,13.87,BR,2020-06-21 18:00:47
92,East London,-33.02,27.91,65.84,64,0,16.13,ZA,2020-06-21 17:56:41
93,Emerald,-23.53,148.17,60.8,67,75,5.82,AU,2020-06-21 18:00:48
94,Cabo San Lucas,22.89,-109.91,91.4,27,5,9.17,MX,2020-06-21 18:00:48
95,Constitucion,-35.33,-72.42,56.08,76,88,4.14,CL,2020-06-21 18:00:49
96,Ponta Do Sol,32.67,-17.1,75.2,64,20,18.34,PT,2020-06-21 18:00:49
97,Komsomolskiy,40.43,71.72,77.0,25,0,9.17,UZ,2020-06-21 18:00:50
98,Dubrovytsya,51.57,26.57,70.83,88,87,7.76,UA,2020-06-21 18:00:50
99,Tasiilaq,65.61,-37.64,48.2,76,100,6.93,GL,2020-06-21 18:00:50
100,Sao Jose Da Coroa Grande,-8.9,-35.15,79.29,70,2,12.66,BR,2020-06-21 18:00:51
101,Sawtell,-30.38,153.1,50.0,93,1,4.7,AU,2020-06-21 18:00:51
102,Wuwei,37.93,102.64,64.99,53,100,7.61,CN,2020-06-21 18:00:52
103,Wexford,52.33,-6.46,61.0,72,20,20.8,IE,2020-06-21 18:00:52
104,Fort Nelson,58.81,-122.7,62.6,77,90,5.82,CA,2020-06-21 17:59:47
105,Rocha,-34.48,-54.33,61.29,88,86,2.53,UY,2020-06-21 18:00:53
106,Makakilo City,21.35,-158.09,75.2,94,1,3.36,US,2020-06-21 17:57:40
107,Ostrovnoy,68.05,39.51,58.8,51,98,11.01,RU,2020-06-21 18:00:53
108,Arandis,-22.42,14.97,62.01,78,21,5.01,NA,2020-06-21 18:00:54
109,Nouakchott,18.09,-15.98,86.0,62,1,19.46,MR,2020-06-21 17:56:30
110,Sitka,57.05,-135.33,51.8,76,75,4.9,US,2020-06-21 17:58:14
111,Druzhba,52.04,33.95,66.16,90,95,9.44,UA,2020-06-21 18:00:56
112,Faanui,-16.48,-151.75,78.15,81,94,23.78,PF,2020-06-21 18:00:56
113,Mezen,65.85,44.24,43.61,77,30,2.62,RU,2020-06-21 18:00:57
114,Ilulissat,69.22,-51.1,42.8,75,40,5.82,GL,2020-06-21 17:59:11
115,Yulara,-25.24,130.99,39.2,60,0,10.29,AU,2020-06-21 18:00:58
116,Havre,49.58,0.33,63.0,77,34,11.41,FR,2020-06-21 18:00:58
117,Hasaki,35.73,140.83,68.0,94,75,8.05,JP,2020-06-21 18:00:59
118,Jumla,29.27,82.18,61.45,65,57,2.84,NP,2020-06-21 18:00:59
119,Palo Alto,37.44,-122.14,80.01,72,5,5.82,US,2020-06-21 17:57:02
120,Lazaro Cardenas,17.96,-102.2,93.24,45,77,4.83,MX,2020-06-21 18:01:00
121,Tigil,57.8,158.67,48.85,81,3,2.06,RU,2020-06-21 18:01:00
122,Sumbe,-11.21,13.84,72.12,84,1,3.96,AO,2020-06-21 18:01:01
123,Qaanaaq,77.48,-69.36,39.33,73,58,3.62,GL,2020-06-21 18:01:01
124,Katsuura,35.13,140.3,70.0,89,100,4.0,JP,2020-06-21 18:01:01
125,Casper,42.87,-106.31,75.2,31,40,6.93,US,2020-06-21 18:01:02
126,Khatanga,71.97,102.5,63.55,57,42,12.88,RU,2020-06-21 17:56:51
127,Adolfo Lopez Mateos,28.47,-107.3,81.0,30,1,4.0,MX,2020-06-21 18:01:02
128,Acarau,-2.89,-40.12,84.81,63,1,13.6,BR,2020-06-21 18:01:03
129,Butaritari,3.07,172.79,83.62,77,100,16.93,KI,2020-06-21 18:01:03
130,Kiunga,-6.12,141.29,72.23,98,59,1.19,PG,2020-06-21 18:01:03
131,Port-Cartier,50.03,-66.87,57.0,81,90,11.41,CA,2020-06-21 18:01:04
132,Hofn,64.25,-15.21,55.4,76,75,17.22,IS,2020-06-21 17:59:28
133,Quatre Cocos,-20.21,57.76,73.0,78,40,14.99,MU,2020-06-21 18:01:04
134,Soroca,48.16,28.3,69.01,83,61,5.86,MD,2020-06-21 18:01:05
135,Torbay,47.67,-52.73,62.01,54,75,11.41,CA,2020-06-21 18:01:05
136,New Norfolk,-42.78,147.06,54.0,93,100,1.99,AU,2020-06-21 17:56:45
137,Barabai,-2.58,115.38,73.51,92,98,1.19,ID,2020-06-21 18:01:06
138,Flinders,-34.58,150.86,50.0,77,24,5.01,AU,2020-06-21 18:01:06
139,Te Anau,-45.42,167.72,36.28,83,36,1.19,NZ,2020-06-21 18:00:21
140,Talnakh,69.49,88.4,48.2,66,56,8.95,RU,2020-06-21 18:01:07
141,Kyrylivka,46.38,35.37,72.99,78,22,8.19,UA,2020-06-21 18:01:07
142,Punta De Bombon,-17.17,-71.79,64.85,72,76,8.21,PE,2020-06-21 18:01:07
143,Salalah,17.02,54.09,84.2,89,75,10.29,OM,2020-06-21 18:01:08
144,Klaksvik,62.23,-6.59,51.8,100,100,18.34,FO,2020-06-21 18:01:08
145,Mahebourg,-20.41,57.7,71.6,78,40,14.99,MU,2020-06-21 18:01:08
146,Tiznit,29.58,-9.5,80.31,43,0,7.05,MA,2020-06-21 17:59:21
147,Mutoko,-17.4,32.23,57.33,64,73,0.81,ZW,2020-06-21 18:01:09
148,Obo,5.4,26.49,70.52,93,2,3.29,CF,2020-06-21 18:01:10
149,Smirnykh,49.75,142.83,44.13,91,100,5.23,RU,2020-06-21 18:01:10
150,Zhuhai,22.28,113.57,87.01,89,40,14.99,CN,2020-06-21 17:59:27
151,Mehamn,71.04,27.85,46.4,81,86,8.05,NO,2020-06-21 18:01:10
152,Miramar,25.99,-80.23,87.8,70,1,4.7,US,2020-06-21 18:00:27
153,Salisbury,51.07,-1.8,66.2,63,45,16.11,GB,2020-06-21 17:58:18
154,Nanakuli,21.39,-158.15,75.2,94,1,3.36,US,2020-06-21 18:01:12
155,Long Beach,33.77,-118.19,71.01,68,90,5.75,US,2020-06-21 17:57:26
156,Hithadhoo,-0.6,73.08,84.11,70,30,5.1,MV,2020-06-21 18:00:35
157,Sao Filipe,14.9,-24.5,77.36,78,1,16.06,CV,2020-06-21 17:56:56
158,Bethel,41.37,-73.41,87.01,54,40,10.29,US,2020-06-21 18:01:13
159,Kaitangata,-46.28,169.85,33.85,89,29,3.87,NZ,2020-06-21 18:01:14
160,Shenjiamen,29.96,122.3,72.21,95,100,11.99,CN,2020-06-21 18:01:14
161,Geraldton,-28.77,114.6,66.2,39,90,14.99,AU,2020-06-21 17:58:34
162,Kentau,43.52,68.51,78.28,17,42,12.82,KZ,2020-06-21 18:01:15
163,Salta,-24.79,-65.41,75.2,41,0,6.93,AR,2020-06-21 17:56:43
164,Palmerston,-12.49,130.98,71.6,56,20,6.93,AU,2020-06-21 18:01:15
165,Flin Flon,54.77,-101.86,62.6,59,20,11.41,CA,2020-06-21 18:01:16
166,Humaita,-7.51,-63.02,94.15,38,0,4.16,BR,2020-06-21 18:01:16
167,Ribeira Grande,38.52,-28.7,69.8,83,20,11.41,PT,2020-06-21 18:01:16
168,Chara,56.91,118.26,51.01,70,9,2.71,RU,2020-06-21 18:01:16
169,Dunmore Town,25.5,-76.65,82.08,79,100,9.37,BS,2020-06-21 18:01:17
170,Buraydah,26.33,43.98,93.2,26,0,11.41,SA,2020-06-21 17:59:00
171,Vaitape,-16.52,-151.75,78.98,80,93,23.73,PF,2020-06-21 18:01:17
172,Douglas,41.3,-96.17,82.0,61,1,8.05,US,2020-06-21 18:00:52
173,Bundaberg,-24.85,152.35,61.0,100,90,4.7,AU,2020-06-21 18:01:18
174,Upernavik,72.79,-56.15,40.93,72,94,6.82,GL,2020-06-21 18:01:18
175,Baft,29.23,56.61,76.86,18,3,11.18,IR,2020-06-21 18:01:19
176,Axim,4.87,-2.24,76.87,88,100,9.22,GH,2020-06-21 18:01:19
177,Kamenka,51.32,42.77,70.0,74,97,5.01,RU,2020-06-21 18:01:19
178,Dzilam Gonzalez,21.28,-88.93,89.01,72,5,5.61,MX,2020-06-21 18:01:19
179,Palmer,42.16,-72.33,91.0,35,40,5.82,US,2020-06-21 18:00:34
180,Sorong,-0.88,131.25,79.63,83,92,8.21,ID,2020-06-21 18:01:21
181,Kapaa,22.08,-159.32,77.0,78,40,10.29,US,2020-06-21 18:00:10
182,Turukhansk,65.82,87.98,50.86,63,4,10.78,RU,2020-06-21 18:01:22
183,Vila Velha,-20.33,-40.29,80.6,69,40,13.87,BR,2020-06-21 18:01:22
184,Vardo,70.37,31.11,44.6,81,20,18.34,NO,2020-06-21 18:01:23
185,Dzhebariki-Khaya,62.22,135.8,51.13,69,59,0.74,RU,2020-06-21 18:01:23
186,Caconda,-13.73,15.07,57.52,36,0,3.98,AO,2020-06-21 18:01:24
187,Neiafu,-18.65,-173.98,77.0,94,40,15.05,TO,2020-06-21 18:01:24
188,Bubaque,11.28,-15.83,82.11,83,51,15.57,GW,2020-06-21 17:59:08
189,Coquimbo,-29.95,-71.34,60.8,72,8,11.41,CL,2020-06-21 18:01:25
190,Port Augusta,-32.5,137.77,53.6,87,13,8.05,AU,2020-06-21 18:01:25
191,Tiksi,71.69,128.87,49.73,66,48,11.79,RU,2020-06-21 18:01:26
192,Castlebar,53.85,-9.3,57.99,67,14,5.01,IE,2020-06-21 18:01:26
193,Mto Wa Mbu,-3.35,35.85,71.2,52,65,1.83,TZ,2020-06-21 18:01:26
194,Yeppoon,-23.13,150.73,53.6,100,90,4.61,AU,2020-06-21 17:58:56
195,Caraz,-9.05,-77.81,75.09,26,39,3.06,PE,2020-06-21 18:01:27
196,Lovozero,68.0,35.01,65.46,39,98,11.9,RU,2020-06-21 18:01:27
197,Sun Valley,39.6,-119.78,80.01,17,1,0.31,US,2020-06-21 18:01:27
198,Mayo,38.89,-76.51,82.0,88,75,5.82,US,2020-06-21 18:01:29
199,Mbutuy,-24.97,-56.3,85.03,43,0,6.6,PY,2020-06-21 18:01:30
200,Ketchikan,55.34,-131.65,53.6,62,90,8.05,US,2020-06-21 17:59:59
201,Xuanhua,40.61,115.04,76.48,50,83,5.73,CN,2020-06-21 18:01:33
202,Hobyo,5.35,48.53,80.22,70,79,27.98,SO,2020-06-21 18:01:33
203,Pevek,69.7,170.31,43.3,75,51,2.68,RU,2020-06-21 18:01:33
204,Qostanay,53.17,63.58,55.4,87,75,8.95,KZ,2020-06-21 18:00:51
205,Verkh-Suetka,53.3,80.05,58.03,48,100,11.83,RU,2020-06-21 18:01:34
206,Porto Nacional,-10.71,-48.42,89.01,45,40,6.93,BR,2020-06-21 18:01:34
207,Maarianhamina,60.1,19.93,64.4,63,0,8.05,AX,2020-06-21 18:01:35
208,Nouadhibou,20.93,-17.03,80.6,54,0,18.34,MR,2020-06-21 18:01:36
209,Port Keats,-14.25,129.55,74.1,42,34,13.02,AU,2020-06-21 17:59:07
210,Dunedin,-45.87,170.5,35.01,93,1,4.0,NZ,2020-06-21 17:58:09
211,Aklavik,68.22,-135.01,44.6,87,90,5.82,CA,2020-06-21 17:59:06
212,Rypefjord,70.63,23.67,57.2,28,93,10.29,NO,2020-06-21 18:01:38
213,Atar,20.52,-13.05,109.18,9,37,18.99,MR,2020-06-21 18:01:38
214,Biak,-0.91,122.88,77.11,82,98,8.21,ID,2020-06-21 18:01:38
215,Eureka,40.8,-124.16,64.0,95,96,5.01,US,2020-06-21 17:56:45
216,Esperance,-33.87,121.9,42.8,87,0,11.41,AU,2020-06-21 18:01:39
217,Khani,41.96,42.96,69.8,73,75,5.82,GE,2020-06-21 18:01:39
218,Beringovskiy,63.05,179.32,48.65,51,37,4.5,RU,2020-06-21 18:01:39
219,Koboko,3.41,30.96,64.72,93,53,4.12,UG,2020-06-21 18:01:40
220,Egvekinot,66.32,-179.17,57.25,44,13,2.19,RU,2020-06-21 18:01:40
221,Tiebissou,7.16,-5.23,89.01,66,58,5.64,CI,2020-06-21 18:01:40
222,Erzin,36.96,36.2,75.0,86,0,1.86,TR,2020-06-21 17:58:42
223,Samarai,-10.62,150.67,79.0,85,12,9.95,PG,2020-06-21 18:01:41
224,Nanortalik,60.14,-45.24,44.73,71,99,12.28,GL,2020-06-21 17:58:17
225,Las Vegas,36.17,-115.14,97.0,13,1,4.09,US,2020-06-21 17:58:36
226,Guerrero Negro,27.98,-114.06,70.0,58,13,16.17,MX,2020-06-21 18:01:42
227,Kutum,14.2,24.67,79.38,16,4,0.34,SD,2020-06-21 17:57:58
228,Koupela,12.18,-0.35,100.78,21,50,5.77,BF,2020-06-21 18:01:42
229,Xining,36.62,101.77,52.83,81,100,0.87,CN,2020-06-21 18:01:43
230,Tateyama,34.98,139.87,72.0,99,100,13.56,JP,2020-06-21 18:01:43
231,Solnechnyy,50.72,136.63,47.68,92,100,5.93,RU,2020-06-21 18:01:43
232,Provideniya,64.38,-173.3,54.93,49,0,4.07,RU,2020-06-21 18:01:44
233,Ponnani,10.77,75.93,75.2,88,90,2.24,IN,2020-06-21 18:01:44
234,Sergeyevka,53.88,67.42,55.24,92,100,5.53,KZ,2020-06-21 18:01:44
235,Sayhat,26.49,50.04,93.2,32,0,9.17,SA,2020-06-21 18:01:45
236,Urumqi,43.8,87.6,64.4,45,18,2.24,CN,2020-06-21 18:01:45
237,Nikolskoye,59.7,30.79,64.4,48,0,8.95,RU,2020-06-21 18:01:45
238,Qarqin,37.42,66.04,91.94,10,0,9.55,AF,2020-06-21 18:01:45
239,Ilo,-17.64,-71.34,65.28,70,31,8.16,PE,2020-06-21 18:01:46
240,Panaba,21.28,-88.27,89.76,61,1,8.01,MX,2020-06-21 18:01:46
241,Alofi,-19.06,-169.92,75.2,94,67,10.29,NU,2020-06-21 18:01:46
242,Airai,-8.93,125.41,57.0,100,44,3.78,TL,2020-06-21 18:01:47
243,Saint-Pierre,-21.34,55.48,68.0,82,75,4.7,RE,2020-06-21 18:01:47
244,Kapoeta,4.77,33.59,80.53,60,71,7.25,SS,2020-06-21 18:01:47
245,Kibara,-2.15,33.45,80.6,47,40,5.82,TZ,2020-06-21 18:01:49
246,Malanje,-9.54,16.34,64.51,31,0,2.19,AO,2020-06-21 18:01:49
247,Luba,3.46,8.55,78.8,94,75,5.82,GQ,2020-06-21 18:01:49
248,Chirilagua,13.22,-88.14,93.2,56,20,2.24,SV,2020-06-21 18:01:50
249,Ordu,40.91,37.68,71.6,83,84,4.7,TR,2020-06-21 18:01:50
250,Mackenzie,55.3,-123.17,59.0,58,20,10.29,CA,2020-06-21 18:01:09
251,Boa Vista,2.82,-60.67,80.6,78,75,4.7,BR,2020-06-21 18:00:04
252,Derzhavinsk,51.1,66.32,68.59,29,1,11.63,KZ,2020-06-21 17:57:23
253,Huarmey,-10.07,-78.15,69.55,65,55,8.97,PE,2020-06-21 18:01:17
254,Waipawa,-41.41,175.52,51.8,87,90,4.7,NZ,2020-06-21 18:01:53
255,Coihaique,-45.58,-72.07,50.0,61,75,5.82,CL,2020-06-21 18:01:53
256,Sheksna,59.21,38.51,55.4,66,0,6.71,RU,2020-06-21 18:01:54
257,Trairi,-3.28,-39.27,84.38,59,0,12.73,BR,2020-06-21 18:01:54
258,Gornopravdinsk,60.05,69.9,42.33,92,43,4.59,RU,2020-06-21 18:01:54
259,Port Lincoln,-34.73,135.87,54.99,79,22,14.09,AU,2020-06-21 18:00:17
260,Evensk,61.95,159.23,57.6,63,10,1.34,RU,2020-06-21 18:01:55
261,Deputatskiy,69.3,139.9,70.74,43,0,2.33,RU,2020-06-21 18:01:55
262,Carbonia,39.17,8.52,77.0,61,40,19.46,IT,2020-06-21 18:01:56
263,Zarechnyy,53.2,45.19,58.08,72,85,8.34,RU,2020-06-21 18:01:56
264,Dingle,11.0,122.67,78.17,83,62,3.65,PH,2020-06-21 18:01:28
265,Grindavik,63.84,-22.43,64.4,55,75,32.21,IS,2020-06-21 18:01:57
266,Ust-Kut,56.79,105.77,56.59,72,9,2.17,RU,2020-06-21 18:01:58
267,Banjar,-8.19,114.97,80.6,100,40,10.29,ID,2020-06-21 18:01:58
268,Esmeralda,21.85,-78.12,89.6,66,40,6.93,CU,2020-06-21 18:01:58
269,Tuktoyaktuk,69.45,-133.04,39.2,86,90,8.05,CA,2020-06-21 17:57:04
270,Ormara,25.21,64.64,84.9,82,3,12.75,PK,2020-06-21 18:01:59
271,Dodoma,-6.17,35.74,71.6,53,20,8.05,TZ,2020-06-21 18:00:03
272,Victor Harbor,-35.57,138.62,52.0,95,13,1.01,AU,2020-06-21 18:02:00
273,Kayerkan,69.35,87.76,48.2,66,87,8.95,RU,2020-06-21 18:03:15
274,Buchanan,5.88,-10.05,78.76,86,95,8.68,LR,2020-06-21 18:03:15
275,San Quintin,30.48,-115.95,68.61,69,95,14.5,MX,2020-06-21 18:02:01
276,Cholet,47.17,-1.0,68.0,63,59,12.26,FR,2020-06-21 18:03:16
277,Kaduna,10.52,7.44,81.32,65,49,9.98,NG,2020-06-21 18:03:16
278,Donskoye,45.46,41.97,66.2,68,40,11.18,RU,2020-06-21 18:03:17
279,Urengoy,65.97,78.37,48.16,93,71,13.94,RU,2020-06-21 18:01:41
280,Sovetskaya,44.78,41.17,64.0,7,100,15.01,RU,2020-06-21 18:03:17
281,Wau,7.7,28.0,75.88,82,40,6.4,SS,2020-06-21 18:03:18
282,Nybro,56.74,15.91,64.4,88,57,5.82,SE,2020-06-21 18:03:18
283,Nuuk,64.18,-51.72,48.2,70,2,9.17,GL,2020-06-21 18:03:19
284,Abha,18.22,42.51,77.0,49,20,8.05,SA,2020-06-21 18:03:19
285,Ventanas,-1.45,-79.47,87.71,56,77,3.0,EC,2020-06-21 18:03:20
286,Sao Joao Da Barra,-21.64,-41.05,84.2,54,0,16.11,BR,2020-06-21 18:03:20
287,Sokolo,14.73,-6.12,105.93,14,62,4.68,ML,2020-06-21 18:03:20
288,Husavik,66.04,-17.34,64.4,52,40,24.16,IS,2020-06-21 18:03:21
289,Itarema,-2.92,-39.92,84.52,62,1,13.89,BR,2020-06-21 18:03:22
290,Vao,-22.67,167.48,68.95,59,34,7.76,NC,2020-06-21 18:03:22
291,Bathsheba,13.22,-59.52,87.8,66,20,24.16,BB,2020-06-21 18:03:22
292,Kargasok,59.06,80.86,54.05,71,97,14.14,RU,2020-06-21 18:03:23
293,Poum,-20.23,164.02,71.08,74,20,11.39,NC,2020-06-21 18:03:23
294,Port-Gentil,-0.72,8.78,77.0,88,40,14.99,GA,2020-06-21 18:03:23
295,Saint-Augustin,51.23,-58.65,64.11,58,100,22.97,CA,2020-06-21 17:58:37
296,Nabire,-3.37,135.48,75.13,88,60,3.91,ID,2020-06-21 18:03:24
297,Nioki,-2.72,17.68,80.4,47,15,1.52,CD,2020-06-21 18:03:25
298,Darovskoy,58.77,47.96,46.67,71,22,3.65,RU,2020-06-21 18:03:26
299,Tilichiki,60.47,166.1,57.97,73,32,4.25,RU,2020-06-21 18:03:26
300,Srednekolymsk,67.45,153.68,75.92,39,0,6.35,RU,2020-06-21 18:03:27
301,Trapani,37.83,12.67,77.0,88,40,10.29,IT,2020-06-21 18:03:27
302,Tuatapere,-46.13,167.68,37.98,78,33,3.36,NZ,2020-06-21 18:03:27
303,Kavieng,-2.57,150.8,82.45,73,27,2.77,PG,2020-06-21 18:03:28
304,Nuevo Progreso,23.17,-97.95,91.0,51,20,4.0,MX,2020-06-21 18:03:28
305,Havre-Saint-Pierre,50.23,-63.6,57.2,82,90,9.17,CA,2020-06-21 18:03:28
306,Belle Fourche,44.67,-103.85,73.99,36,55,5.99,US,2020-06-21 18:03:29
307,Minuri,16.54,121.86,75.36,88,95,1.36,PH,2020-06-21 18:03:29
308,Krapivinskiy,55.0,86.81,55.4,58,78,4.47,RU,2020-06-21 18:03:32
309,Majene,-3.54,118.97,78.44,84,99,10.56,ID,2020-06-21 18:03:33
310,Brae,60.4,-1.35,55.4,93,100,19.46,GB,2020-06-21 18:03:33
311,Kiama,-34.68,150.87,50.0,74,33,8.01,AU,2020-06-21 18:03:34
312,Imeni Poliny Osipenko,52.42,136.49,42.85,92,100,13.62,RU,2020-06-21 18:03:34
313,Bilma,18.69,12.92,95.0,10,0,5.21,NE,2020-06-21 18:03:35
314,Bahia Honda,22.9,-83.16,85.68,73,63,5.5,CU,2020-06-21 18:03:35
315,Touros,-5.2,-35.46,84.2,66,40,12.75,BR,2020-06-21 18:03:35
316,Turayf,31.67,38.66,86.0,30,28,6.93,SA,2020-06-21 18:03:36
317,Reyes,-14.32,-67.38,91.4,44,18,7.07,BO,2020-06-21 18:03:36
318,Krasnaya Gora,53.0,31.6,75.2,73,97,13.42,RU,2020-06-21 18:03:36
319,Tayga,56.06,85.62,50.0,87,92,6.71,RU,2020-06-21 18:03:36
320,Farah,32.5,62.5,83.64,11,0,3.74,AF,2020-06-21 18:03:37
321,Tual,-5.67,132.75,79.54,81,39,21.03,ID,2020-06-21 18:03:37
322,Ucluelet,48.93,-125.55,57.99,87,75,9.17,CA,2020-06-21 18:03:27
323,Aberdeen,57.14,-2.1,61.0,72,31,5.82,GB,2020-06-21 17:59:36
324,Olhao,37.03,-7.84,78.8,61,0,4.7,PT,2020-06-21 18:03:38
325,Rincon,32.3,-81.24,96.01,52,40,3.36,US,2020-06-21 17:58:46
326,Ahuimanu,21.44,-157.84,78.8,65,75,10.29,US,2020-06-21 18:03:38
327,Kaspiyskiy,45.39,47.37,80.58,42,90,3.87,RU,2020-06-21 18:03:39
328,Pangnirtung,66.15,-65.71,48.2,66,40,10.29,CA,2020-06-21 18:03:39
329,Luanda,-8.84,13.23,75.2,78,0,10.29,AO,2020-06-21 18:03:40
330,Aripuana,-9.17,-60.63,93.27,36,22,3.83,BR,2020-06-21 18:03:40
331,Wasilla,61.58,-149.44,59.0,58,1,6.93,US,2020-06-21 18:03:41
332,Massa,44.02,10.11,75.0,82,25,4.14,IT,2020-06-21 18:03:41
333,Mogzon,51.74,111.96,49.66,78,100,1.3,RU,2020-06-21 18:03:41
334,Baykit,61.67,96.37,58.95,72,53,3.22,RU,2020-06-21 18:03:42
335,Litovko,49.24,135.17,52.59,97,100,6.69,RU,2020-06-21 18:03:42
336,Gao,16.64,1.64,106.14,9,84,7.81,ML,2020-06-21 18:03:42
337,Dasoguz,41.84,59.97,86.0,27,90,18.34,TM,2020-06-21 18:03:42
338,Champerico,14.3,-91.92,86.49,69,69,8.28,GT,2020-06-21 18:03:43
339,Longyan,25.11,117.02,76.08,80,100,2.62,CN,2020-06-21 18:03:43
340,Ballina,-28.87,153.57,55.0,100,22,4.7,AU,2020-06-21 18:02:14
341,Suntar,62.14,117.63,59.36,87,37,0.96,RU,2020-06-21 18:03:44
342,Tonota,-21.48,27.48,57.2,35,0,5.82,BW,2020-06-21 18:03:44
343,Hatillo,18.49,-66.83,87.01,87,12,1.99,PR,2020-06-21 18:03:45
344,Thai Binh,20.45,106.33,86.0,84,78,9.17,VN,2020-06-21 18:01:37
345,Lagos,6.58,3.75,82.4,83,75,5.82,NG,2020-06-21 17:58:58
346,Luderitz,-26.65,15.16,59.0,82,0,10.29,NA,2020-06-21 18:03:46
347,Arman,59.7,150.17,52.12,80,0,1.57,RU,2020-06-21 18:03:46
348,Izumo,35.37,132.77,64.4,93,20,4.7,JP,2020-06-21 18:03:46
349,Portsmouth,50.8,-1.09,64.99,74,32,7.0,GB,2020-06-21 18:03:47
350,Poltavka,54.37,71.76,58.33,94,100,5.1,RU,2020-06-21 18:03:47
351,Upington,-28.45,21.26,60.8,36,0,3.36,ZA,2020-06-21 18:03:47
352,Akyab,20.15,92.9,82.94,83,42,14.18,MM,2020-06-21 18:03:48
353,Tabanan,-8.54,115.13,80.6,100,40,10.29,ID,2020-06-21 18:03:48
354,Hami,42.8,93.45,73.29,21,25,12.68,CN,2020-06-21 18:03:49
355,Tessalit,20.2,1.01,107.8,6,8,14.36,ML,2020-06-21 18:03:49
356,Karatau,43.17,70.47,65.28,28,15,3.09,KZ,2020-06-21 18:03:49
357,Gazojak,41.19,61.4,91.31,11,59,12.33,TM,2020-06-21 18:03:49
358,Severo-Yeniseyskiy,60.37,93.04,42.22,97,90,2.04,RU,2020-06-21 18:01:54
359,Yumen,40.28,97.2,62.2,47,90,5.14,CN,2020-06-21 18:03:50
360,Asau,46.43,26.4,62.01,93,90,2.21,RO,2020-06-21 18:03:50
361,Neon Soulion,41.1,23.65,71.01,82,36,2.26,GR,2020-06-21 18:03:50
362,Fergus Falls,46.28,-96.08,68.0,60,1,9.17,US,2020-06-21 18:01:01
363,Reni,45.46,28.29,73.4,69,20,2.24,UA,2020-06-21 18:03:51
364,Murray Bridge,-35.12,139.27,50.0,94,16,9.08,AU,2020-06-21 18:03:01
365,Yarensk,62.17,49.09,50.14,68,84,3.94,RU,2020-06-21 18:03:52
366,Los Llanos De Aridane,28.66,-17.92,77.0,65,40,11.41,ES,2020-06-21 18:03:03
367,Karratha,-20.74,116.85,67.66,36,0,10.98,AU,2020-06-21 18:01:27
368,Tahe,52.33,124.73,49.57,97,100,2.46,CN,2020-06-21 18:03:53
369,Eyemouth,55.87,-2.09,57.99,82,86,1.01,GB,2020-06-21 18:03:53
370,Townsville,-19.25,146.8,66.99,100,40,4.09,AU,2020-06-21 18:03:53
371,Indramayu,-6.33,108.32,78.91,78,42,5.97,ID,2020-06-21 18:03:53
372,Bad Freienwalde,52.79,14.03,68.0,25,99,1.01,DE,2020-06-21 18:03:54
373,Charters Towers,-20.1,146.27,58.21,74,0,3.18,AU,2020-06-21 18:03:54
374,Natitingou,10.3,1.38,86.0,66,20,4.7,BJ,2020-06-21 18:03:54
375,Chuy,-33.7,-53.46,60.19,95,96,5.21,UY,2020-06-21 18:03:55
376,Altay,47.87,88.12,42.85,61,12,4.76,CN,2020-06-21 18:00:25
377,Oktyabrskoye,43.06,44.74,71.6,73,20,2.24,RU,2020-06-21 18:03:55
378,Clyde River,70.47,-68.59,42.8,81,1,3.36,CA,2020-06-21 18:03:56
379,Moroni,-11.7,43.26,76.93,80,74,16.04,KM,2020-06-21 18:02:07
380,Piacabucu,-10.41,-36.43,79.48,67,2,12.19,BR,2020-06-21 18:03:57
381,Santa Cruz Del Sur,20.71,-78.0,89.11,60,51,7.92,CU,2020-06-21 18:03:57
382,Ngunguru,-35.62,174.5,55.99,91,95,18.99,NZ,2020-06-21 18:03:57
383,Abu Dhabi,24.47,54.37,90.0,70,44,10.29,AE,2020-06-21 18:01:27
384,Camocim,-2.9,-40.84,86.32,59,0,9.42,BR,2020-06-21 18:03:58
385,La Ronge,55.1,-105.28,59.0,54,20,8.05,CA,2020-06-21 18:03:58
386,Plettenberg Bay,-34.05,23.37,58.93,74,0,4.47,ZA,2020-06-21 18:03:59
387,Narsaq,60.92,-46.05,60.8,36,100,5.82,GL,2020-06-21 18:03:59
388,Soyo,-6.13,12.37,74.19,81,0,8.08,AO,2020-06-21 18:04:00
389,Broome,42.25,-75.83,84.99,54,1,8.05,US,2020-06-21 18:04:00
390,Peleduy,59.63,112.74,57.88,82,9,4.81,RU,2020-06-21 18:04:00
391,Lebu,-37.62,-73.65,52.38,78,66,7.67,CL,2020-06-21 18:04:01
392,Manjacaze,-24.71,33.88,61.12,82,0,5.44,MZ,2020-06-21 18:04:01
393,Kenitra,34.26,-6.58,75.2,69,0,11.41,MA,2020-06-21 18:04:01
394,Medicine Hat,50.05,-110.67,66.99,93,90,6.93,CA,2020-06-21 18:00:25
395,Bambanglipuro,-7.95,110.28,76.62,88,60,7.31,ID,2020-06-21 18:04:02
396,San Patricio,19.22,-104.7,84.2,74,75,9.17,MX,2020-06-21 18:04:02
397,Lamu,-2.27,40.9,78.75,77,3,21.07,KE,2020-06-21 18:04:02
398,Nelson Bay,-32.72,152.15,48.0,87,13,4.7,AU,2020-06-21 17:59:45
399,Redondela,42.28,-8.61,68.0,82,75,8.05,ES,2020-06-21 18:04:03
400,Roma,43.21,-75.46,87.01,45,1,3.36,US,2020-06-21 18:04:03
401,Havoysund,71.0,24.66,57.2,28,87,10.29,NO,2020-06-21 18:04:03
402,Barra Patuca,15.8,-84.28,86.34,67,55,13.65,HN,2020-06-21 18:04:04
403,Belmonte,-15.86,-38.88,78.8,57,2,6.93,BR,2020-06-21 18:04:04
404,Naze,28.37,129.48,75.2,94,90,6.93,JP,2020-06-21 17:59:06
405,Qaqortoq,60.72,-46.03,60.8,36,100,5.82,GL,2020-06-21 18:04:05
406,Nome,64.5,-165.41,60.01,82,90,4.7,US,2020-06-21 18:01:47
407,Paragominas,-2.97,-47.48,83.93,85,56,3.4,BR,2020-06-21 18:00:16
408,Merauke,-8.47,140.33,76.46,87,2,13.76,ID,2020-06-21 18:04:14
409,Masty,53.41,24.54,68.25,90,96,10.67,BY,2020-06-21 18:04:14
410,Vanimo,-2.67,141.3,78.08,85,79,3.78,PG,2020-06-21 18:04:14
411,Kankan,10.39,-9.31,90.59,51,29,2.42,GN,2020-06-21 18:04:15
412,Albufeira,37.09,-8.25,78.8,61,0,4.7,PT,2020-06-21 18:00:12
413,Hohhot,40.81,111.65,69.8,73,40,8.95,CN,2020-06-21 18:04:16
414,Shorewood,41.52,-88.2,82.99,83,90,3.36,US,2020-06-21 18:04:16
415,Corinto,37.94,22.96,81.0,46,11,8.01,GR,2020-06-21 18:04:17
416,Hovd,48.01,91.64,46.98,48,13,11.48,MN,2020-06-21 18:04:17
417,Rodrigues Alves,-7.74,-72.65,87.8,74,75,4.7,BR,2020-06-21 18:04:18
418,College,64.86,-147.8,54.0,87,90,8.05,US,2020-06-21 18:04:18
419,Krasnoarmeysk,51.02,45.7,66.0,85,100,3.0,RU,2020-06-21 18:04:18
420,Tshikapa,-6.42,20.8,75.43,28,0,0.69,CD,2020-06-21 18:04:19
421,Banepa,27.63,85.52,68.05,89,87,1.1,NP,2020-06-21 18:04:19
422,Lavrentiya,65.58,-171.0,52.52,47,0,4.41,RU,2020-06-21 18:04:19
423,Kharp,66.8,65.81,44.85,75,99,9.01,RU,2020-06-21 18:04:20
424,Nokaneng,-19.67,22.27,58.08,35,0,5.7,BW,2020-06-21 18:04:20
425,Mujiayingzi,42.12,118.78,67.62,83,67,3.09,CN,2020-06-21 18:04:20
426,Caxito,-8.58,13.66,75.2,78,0,10.29,AO,2020-06-21 18:04:21
427,Bontang,0.13,117.5,78.48,83,100,3.02,ID,2020-06-21 18:04:21
428,Paamiut,61.99,-49.67,41.36,84,34,14.23,GL,2020-06-21 18:04:22
429,Concordia,-31.39,-58.02,68.0,77,40,13.87,AR,2020-06-21 18:04:23
430,Lodja,-3.48,23.43,79.25,48,48,2.37,CD,2020-06-21 18:04:24
431,Pauri,30.15,78.78,69.76,71,5,3.33,IN,2020-06-21 18:04:24
432,Marzuq,14.4,46.47,89.31,31,21,3.71,YE,2020-06-21 18:04:24
433,Florence,43.77,11.25,82.99,39,75,6.93,IT,2020-06-21 18:00:40
434,Tawang,27.58,91.87,57.61,78,70,2.17,IN,2020-06-21 18:04:25
435,Toyooka,35.53,134.83,65.26,85,26,4.32,JP,2020-06-21 18:04:03
436,Bati,11.18,40.02,83.28,32,73,13.15,ET,2020-06-21 18:04:26
437,Namwala,-15.75,26.44,58.73,55,0,7.27,ZM,2020-06-21 18:04:26
438,Norsup,-16.07,167.38,75.92,86,58,8.43,VU,2020-06-21 18:04:26
439,Deniliquin,-35.53,144.97,40.44,96,1,5.28,AU,2020-06-21 18:04:27
440,Alice Springs,-23.7,133.88,37.4,59,0,1.12,AU,2020-06-21 18:04:27
441,Prince Rupert,54.32,-130.32,53.6,76,90,5.82,CA,2020-06-21 18:01:14
442,Pangai,-19.8,-174.35,77.0,94,40,8.05,TO,2020-06-21 18:04:28
443,Bandarbeyla,9.49,50.81,80.64,72,90,29.57,SO,2020-06-21 18:04:28
444,Iracoubo,5.48,-53.2,83.34,68,21,12.08,GF,2020-06-21 18:04:28
445,Am Timan,11.03,20.28,87.06,53,43,6.2,TD,2020-06-21 18:04:29
446,Lagoa,39.05,-27.98,66.16,87,0,17.92,PT,2020-06-21 18:04:29
447,Sterling,39.01,-77.43,84.0,61,75,4.7,US,2020-06-21 18:03:12
448,Riyadh,24.69,46.72,96.8,14,0,9.17,SA,2020-06-21 18:00:25
449,Gizo,-8.1,156.84,82.31,73,27,4.38,SB,2020-06-21 18:02:22
450,Muros,42.78,-9.06,66.99,92,64,4.0,ES,2020-06-21 18:04:33
451,Linxia,35.6,103.21,57.22,84,100,2.93,CN,2020-06-21 18:04:35
452,Barranco,9.52,-82.7,86.0,66,23,9.17,PA,2020-06-21 18:04:35
453,Raudeberg,61.99,5.14,59.0,94,99,8.55,NO,2020-06-21 18:04:36
454,Clarence Town,-32.58,151.78,48.0,87,30,4.7,AU,2020-06-21 18:04:36
455,Xam Nua,20.42,104.04,69.64,89,66,3.18,LA,2020-06-21 18:04:36
456,Bay Roberts,47.6,-53.26,62.01,58,89,1.99,CA,2020-06-21 18:04:37
457,Valparaiso,-33.04,-71.63,62.6,59,100,2.24,CL,2020-06-21 18:00:31
458,Lerwick,60.15,-1.15,55.4,93,99,18.34,GB,2020-06-21 18:04:37
459,Dzitas,20.85,-88.52,92.8,51,9,5.59,MX,2020-06-21 18:04:38
460,Springdale,36.19,-94.13,84.0,69,40,11.41,US,2020-06-21 18:04:38
461,Caravelas,-17.71,-39.25,77.92,55,11,6.55,BR,2020-06-21 18:04:39
462,Yakuplu,40.99,28.68,73.4,69,40,6.93,TR,2020-06-21 18:04:39
463,Cranbrook,49.5,-115.77,68.0,64,75,9.17,CA,2020-06-21 18:02:42
464,Mirnyy,62.54,113.96,60.8,77,57,6.71,RU,2020-06-21 18:04:40
465,Okhotsk,59.38,143.3,45.64,90,100,4.32,RU,2020-06-21 18:04:40
466,Atengo,20.17,-99.33,78.17,33,84,7.05,MX,2020-06-21 18:04:41
467,Shingu,33.73,135.98,65.25,93,100,20.8,JP,2020-06-21 18:04:42
468,Olafsvik,64.89,-23.71,57.4,61,35,18.97,IS,2020-06-21 18:04:43
469,Pizarro,4.95,-77.37,82.76,77,62,6.49,CO,2020-06-21 18:04:43
470,Bras-Panon,-21.0,55.68,69.8,83,90,13.87,RE,2020-06-21 18:04:43
471,Baragaon,25.43,82.82,82.99,78,57,8.86,IN,2020-06-21 18:04:44
472,Karla,59.37,24.93,64.4,55,2,11.41,EE,2020-06-21 18:04:44
473,Sinazongwe,-17.26,27.46,65.46,59,0,5.19,ZM,2020-06-21 18:04:45
474,Mangai,-4.05,19.53,76.14,40,0,1.68,CD,2020-06-21 18:04:45
475,Balad,34.02,44.15,85.98,26,0,8.72,IQ,2020-06-21 18:04:45
476,Amapa,1.0,-52.0,79.9,93,66,3.91,BR,2020-06-21 18:04:46
477,Namatanai,-3.67,152.43,80.4,78,31,3.58,PG,2020-06-21 18:04:46
478,Zhangjiakou,40.81,114.88,75.58,50,92,6.93,CN,2020-06-21 18:04:47
479,Vila Franca Do Campo,37.72,-25.43,69.8,73,20,9.17,PT,2020-06-21 18:04:47
480,Staritsa,56.51,34.94,58.73,75,71,7.09,RU,2020-06-21 18:04:47
481,Wanning,18.8,110.4,82.81,88,27,11.88,CN,2020-06-21 18:04:48
482,Khorixas,-20.37,14.97,58.73,37,0,2.44,NA,2020-06-21 18:04:48
483,Kodinsk,58.69,99.18,59.85,68,44,2.3,RU,2020-06-21 18:04:48
484,Tongliao,43.61,122.27,70.84,78,100,4.97,CN,2020-06-21 18:04:48
485,Gallup,35.53,-108.74,84.2,10,1,6.93,US,2020-06-21 18:04:49
486,Raga,8.46,25.68,73.31,87,34,5.32,SS,2020-06-21 18:04:49
487,Boda,4.32,17.47,71.02,94,84,2.51,CF,2020-06-21 18:00:54
488,Tabriz,38.08,46.29,69.8,40,75,11.41,IR,2020-06-21 18:01:19
489,Abnub,27.27,31.15,98.6,25,0,11.41,EG,2020-06-21 18:04:50
490,Broken Hill,-31.95,141.43,46.4,87,75,9.17,AU,2020-06-21 18:04:51
491,Matagami,49.75,-77.63,82.4,48,75,12.75,CA,2020-06-21 18:04:51
492,Waounde,15.26,-12.87,111.2,27,7,4.7,SN,2020-06-21 18:04:51
493,Dolinsk,47.35,142.8,48.2,87,90,4.47,RU,2020-06-21 18:04:52
494,Bocas Del Toro,9.33,-82.25,71.01,80,42,8.05,PA,2020-06-21 18:04:52
495,Sur,22.57,59.53,86.65,70,17,12.41,OM,2020-06-21 18:02:20
496,Meiganga,6.52,14.3,68.83,93,95,2.93,CM,2020-06-21 18:04:53
497,Kokoda,-8.88,147.74,72.61,71,53,1.66,PG,2020-06-21 18:04:53
498,Guider,9.93,13.95,82.31,65,64,4.34,CM,2020-06-21 18:04:53
499,Ixtapa,20.7,-105.2,87.8,55,40,8.05,MX,2020-06-21 18:04:53
500,Roebourne,-20.78,117.13,67.8,36,0,10.96,AU,2020-06-21 18:04:57
501,Taloda,21.57,74.22,84.74,65,84,15.5,IN,2020-06-21 18:04:57
502,Seymchan,62.88,152.43,65.55,54,28,2.24,RU,2020-06-21 18:04:57
503,Beloha,-25.17,45.05,69.19,75,100,3.44,MG,2020-06-21 18:04:58
504,Cayon,17.35,-62.73,89.6,74,20,13.87,KN,2020-06-21 18:04:58
505,Rupert,42.62,-113.68,71.6,49,1,13.87,US,2020-06-21 18:04:58
506,Sao Felix Do Xingu,-6.64,-51.99,88.59,44,63,6.76,BR,2020-06-21 18:04:59
507,Wilmington,34.23,-77.94,86.0,58,20,5.82,US,2020-06-21 18:02:01
508,Levelland,33.59,-102.38,99.0,40,75,12.75,US,2020-06-21 18:04:59
509,Yerbogachen,61.28,108.01,64.62,55,61,3.96,RU,2020-06-21 18:00:38
510,Sungairaya,0.7,108.9,78.53,83,97,2.01,ID,2020-06-21 18:05:00
511,Meulaboh,4.14,96.13,76.39,92,100,4.34,ID,2020-06-21 18:05:00
512,Sitangkai,4.66,119.39,84.2,72,70,7.43,PH,2020-06-21 18:05:01
513,Palana,59.12,159.97,49.51,79,8,4.41,RU,2020-06-21 18:05:01
514,Moron,-34.65,-58.62,64.99,67,18,10.29,AR,2020-06-21 18:05:01
515,Bayeux,-7.12,-34.93,84.2,62,40,14.99,BR,2020-06-21 18:05:01
516,La Libertad,-2.23,-80.9,74.77,77,77,10.83,EC,2020-06-21 18:05:02
517,Kouroussa,10.65,-9.88,89.8,54,9,3.11,GN,2020-06-21 18:05:02
518,Filadelfia,39.95,-75.16,87.01,54,75,3.36,US,2020-06-21 18:01:23
519,Hede,33.77,120.25,69.46,85,48,8.95,CN,2020-06-21 18:05:03
520,Talaya,61.38,152.75,59.23,47,11,2.19,RU,2020-06-21 18:05:03
521,Ambon,-3.7,128.18,80.01,13,13,12.75,ID,2020-06-21 18:05:04
522,Shelburne,44.08,-80.2,89.6,38,20,10.29,CA,2020-06-21 18:05:04
523,Angoche,-16.23,39.91,73.96,75,100,8.14,MZ,2020-06-21 18:05:04
524,Catamarca,-28.47,-65.79,70.0,64,39,7.49,AR,2020-06-21 18:05:05
525,Copala,16.65,-98.98,91.11,48,96,6.24,MX,2020-06-21 18:05:05
526,Imbituba,-28.24,-48.67,87.8,33,0,10.29,BR,2020-06-21 18:00:29
527,Portland,45.52,-122.68,69.01,68,75,2.66,US,2020-06-21 18:01:53
528,Dolores,-36.31,-57.68,59.77,62,36,11.16,AR,2020-06-21 18:05:06
529,Lasa,46.62,10.7,71.01,62,40,9.17,IT,2020-06-21 18:05:07
530,Atagay,55.1,99.39,55.69,95,58,5.35,RU,2020-06-21 18:05:07
531,Guozhen,34.37,107.36,73.78,62,100,0.96,CN,2020-06-21 18:05:08
532,Kaeo,-35.1,173.78,55.99,3,65,10.0,NZ,2020-06-21 18:05:08
533,Mumford,5.26,-0.76,76.89,88,100,13.49,GH,2020-06-21 18:05:08
534,Dhidhdhoo,6.88,73.1,83.39,73,100,11.86,MV,2020-06-21 18:05:09
535,Okato,-39.2,173.88,51.01,80,18,11.01,NZ,2020-06-21 18:05:09
536,Furano,43.28,142.47,50.61,86,100,4.16,JP,2020-06-21 18:05:09
537,Menongue,-14.66,17.69,57.16,37,0,4.72,AO,2020-06-21 18:05:10
538,Gotsu,35.0,132.22,66.54,81,63,3.42,JP,2020-06-21 18:05:10
539,Bonfim,3.08,-59.95,84.74,68,88,4.41,BR,2020-06-21 18:05:10
540,Pisco,-13.7,-76.22,64.4,82,90,6.93,PE,2020-06-21 18:05:11
541,Kulhudhuffushi,6.62,73.07,83.39,74,100,11.63,MV,2020-06-21 18:00:44
542,Namibe,-15.2,12.15,71.31,63,0,13.53,AO,2020-06-21 18:05:11
543,Letlhakeng,-24.09,25.03,54.19,40,4,2.91,BW,2020-06-21 18:05:12
544,Korla,41.76,86.15,80.01,72,0,1.99,CN,2020-06-21 18:05:12
545,San Carlos De Bariloche,-41.15,-71.31,41.0,84,75,19.46,AR,2020-06-21 18:05:12
546,Monte Carmelo,-18.72,-47.5,74.95,35,0,8.1,BR,2020-06-21 18:05:13
547,Adre,13.47,22.2,88.54,28,33,11.92,TD,2020-06-21 18:05:13
548,Ayolas,-27.4,-56.9,82.47,54,0,8.48,PY,2020-06-21 18:05:13
549,Dire Dawa,9.59,41.87,80.56,46,84,10.85,ET,2020-06-21 18:05:14
550,Ahipara,-35.17,173.17,56.19,81,8,11.52,NZ,2020-06-21 18:05:14
551,Tomatlan,19.93,-105.25,93.9,41,90,5.97,MX,2020-06-21 18:05:14
552,Yamada,39.47,141.95,60.66,86,67,4.14,JP,2020-06-21 18:05:14
553,Toamasina,-18.17,49.38,69.8,94,75,6.93,MG,2020-06-21 18:05:14
554,Zyryanka,65.75,150.85,71.02,39,19,12.41,RU,2020-06-21 18:05:15
555,Aksarka,66.56,67.8,44.11,84,97,8.08,RU,2020-06-21 18:05:15
556,Palmetto,27.52,-82.57,93.0,66,1,10.29,US,2020-06-21 18:05:16
557,Wewak,-3.55,143.63,79.21,82,64,2.62,PG,2020-06-21 18:05:16
558,Isangel,-19.55,169.27,70.57,80,44,13.13,VU,2020-06-21 18:05:17
559,Bagotville,-28.98,153.42,55.0,100,13,4.7,AU,2020-06-21 18:05:17
560,Puerto Escondido,15.85,-97.07,87.8,66,40,6.93,MX,2020-06-21 18:05:17
561,Karabudakhkent,42.71,47.57,80.6,47,20,8.95,RU,2020-06-21 18:05:18
562,Dwarka,22.24,68.97,86.47,75,88,15.97,IN,2020-06-21 18:05:18
563,Newport,51.59,-3.0,64.0,66,7,3.0,GB,2020-06-21 18:05:19
564,Honiara,-9.43,159.95,73.4,94,20,2.24,SB,2020-06-21 18:05:19
565,Ozu,33.5,132.55,66.0,84,25,1.01,JP,2020-06-21 18:05:19
566,Santa Isabel Do Rio Negro,-0.41,-65.02,86.14,67,92,3.83,BR,2020-06-21 18:05:20
567,Mabaruma,8.2,-59.78,80.89,89,33,7.11,GY,2020-06-21 18:05:20
568,Dubai,25.26,55.3,93.2,56,36,11.41,AE,2020-06-21 18:00:52
